{
  "a_gamma_scaling": {
    "gamma": [
      0.5,
      0.3,
      0.2,
      0.1,
      0.05
    ],
    "Nstar_pred": [
      43.288695265526606,
      120.24637573757391,
      270.5543454095412,
      1082.2173816381649,
      4328.869526552659
    ],
    "MC_FA": [
      0.04225,
      0.04175,
      0.04175,
      0.0415,
      0.0415
    ],
    "MC_FA_ci": [
      0.0062339815507426715,
      0.0061986016790079364,
      0.0061986016790079364,
      0.006180821231842901,
      0.006180821231842901
    ],
    "MC_MISS": [
      0.04875,
      0.0475,
      0.0475,
      0.0475,
      0.0475
    ],
    "MC_MISS_ci": [
      0.006673608422360425,
      0.006591820499679887,
      0.006591820499679887,
      0.006591820499679887,
      0.006591820499679887
    ]
  },
  "b_logK": {
    "K": [
      1,
      2,
      4,
      8,
      16,
      64,
      256
    ],
    "Nstar": [
      13,
      15,
      17,
      20,
      22,
      27,
      29
    ]
  }
}