{
  "detection_curves": {
    "N": [
      50,
      100,
      200,
      500,
      1000,
      2000,
      5000,
      10000
    ],
    "direct (V=1)": {
      "FA": [
        0.3615,
        0.300125,
        0.24275,
        0.127125,
        0.056375,
        0.012875,
        0.000375,
        0.0
      ],
      "MISS": [
        0.359125,
        0.31175,
        0.241,
        0.13225,
        0.055125,
        0.013375,
        0.000125,
        0.0
      ]
    },
    "shadow (V=3)": {
      "FA": [
        0.431875,
        0.385875,
        0.340875,
        0.26175,
        0.18475,
        0.095625,
        0.022375,
        0.001625
      ],
      "MISS": [
        0.418375,
        0.383,
        0.33175,
        0.255125,
        0.18075,
        0.096,
        0.020375,
        0.001625
      ]
    },
    "gamma": 0.1
  },
  "t2_sweep": {
    "T2_us": [
      40,
      60,
      80,
      120,
      200,
      400
    ],
    "Nstar": [
      1806.3893072712665,
      1383.5647605579502,
      1210.858963608362,
      1059.7114580740338,
      952.4953965965095,
      879.2640704562597
    ]
  }
}