{
  "width_frac": [
    0.001,
    0.002,
    0.005,
    0.01,
    0.02,
    0.05,
    0.1,
    0.2
  ],
  "blind_sv": [
    0.005927235305286419,
    0.005927235305286419,
    0.005927235305286419,
    0.00636619772367604,
    0.012732395447351625,
    0.031830988618379054,
    0.0636619772367581,
    0.12732395447351616
  ],
  "suppression": [
    168.7127216137537,
    168.7127216137537,
    168.7127216137537,
    157.07963267948406,
    78.53981633974485,
    31.415926535897945,
    15.707963267948976,
    7.85398163397449
  ]
}